<?xml version="1.0" encoding="UTF-8"?>
<export version="D">
  <design>
    <source>C:/Users/Daniel/Dropbox/Circuit Design/_HARDWARE_ELECTRONICS/Prototype/Active Development/Arduino-Uno-R3-From-Scratch/Arduino_Uno_R3_From_Scratch.sch</source>
    <date>10/19/2015 8:24:00 AM</date>
    <tool>Eeschema 4.0.0-rc1-stable</tool>
    <sheet number="1" name="/" tstamps="/">
      <title_block>
        <title>Arduino UNO R3 Clone</title>
        <company>Rheingold Heavy</company>
        <rev>0</rev>
        <date>8 oct 2015</date>
        <source>Arduino_Uno_R3_From_Scratch.sch</source>
        <comment number="1" value="Based on the Arduino UNO R3 From arduino.cc"/>
        <comment number="2" value=""/>
        <comment number="3" value=""/>
        <comment number="4" value=""/>
      </title_block>
    </sheet>
    <sheet number="2" name="/Voltage Regulator/" tstamps="/55CCFEA2/">
      <title_block>
        <title>Arduino UNO R3 Clone</title>
        <company>Rheingold Heavy</company>
        <rev>0</rev>
        <date>8 oct 2015</date>
        <source>Voltage_Regulator.sch</source>
        <comment number="1" value="Based on the Arduino UNO R3 From arduino.cc"/>
        <comment number="2" value="All mention of the Arduino name and brand should be associated with them, not me."/>
        <comment number="3" value=""/>
        <comment number="4" value=""/>
      </title_block>
    </sheet>
    <sheet number="3" name="/Voltage Management/" tstamps="/55D0D7E6/">
      <title_block>
        <title>Arduino UNO R3 Clone</title>
        <company>Rheingold Heavy</company>
        <rev>0</rev>
        <date>8 oct 2015</date>
        <source>voltage_management.sch</source>
        <comment number="1" value="Based on the Arduino UNO R3 From arduino.cc"/>
        <comment number="2" value=""/>
        <comment number="3" value=""/>
        <comment number="4" value=""/>
      </title_block>
    </sheet>
    <sheet number="4" name="/Pin 13 LED/" tstamps="/55D7ED28/">
      <title_block>
        <title>Arduino UNO R3 Clone</title>
        <company>Rheingold Heavy</company>
        <rev>0</rev>
        <date>8 oct 2015</date>
        <source>Pin_13_LED.sch</source>
        <comment number="1" value="Based on the Arduino UNO R3 From arduino.cc"/>
        <comment number="2" value=""/>
        <comment number="3" value=""/>
        <comment number="4" value=""/>
      </title_block>
    </sheet>
    <sheet number="5" name="/USB Interface/" tstamps="/55D9F413/">
      <title_block>
        <title>Arduino UNO R3 Clone</title>
        <company>Rheingold Heavy</company>
        <rev>0</rev>
        <date>8 oct 2015</date>
        <source>USB_Interface.sch</source>
        <comment number="1" value="Based on the Arduino UNO R3 From arduino.cc"/>
        <comment number="2" value=""/>
        <comment number="3" value=""/>
        <comment number="4" value=""/>
      </title_block>
    </sheet>
    <sheet number="6" name="/ATMEGA16U2/" tstamps="/55DD0855/">
      <title_block>
        <title>Arduino UNO R3 Clone</title>
        <company>Rheingold Heavy</company>
        <rev>0</rev>
        <date>8 oct 2015</date>
        <source>ATMEGA16U2.sch</source>
        <comment number="1" value="Based on the Arduino UNO R3 From arduino.cc"/>
        <comment number="2" value=""/>
        <comment number="3" value=""/>
        <comment number="4" value=""/>
      </title_block>
    </sheet>
    <sheet number="7" name="/Headers/" tstamps="/55E94587/">
      <title_block>
        <title>Arduino UNO R3 Clone</title>
        <company>Rheingold Heavy</company>
        <rev>0</rev>
        <date>8 oct 2015</date>
        <source>Headers.sch</source>
        <comment number="1" value="Based on the Arduino UNO R3 From arduino.cc"/>
        <comment number="2" value=""/>
        <comment number="3" value=""/>
        <comment number="4" value=""/>
      </title_block>
    </sheet>
    <sheet number="8" name="/ATMEGA328P/" tstamps="/55E89CE4/">
      <title_block>
        <title>Arduino UNO R3 Clone</title>
        <company>Rheingold Heavy</company>
        <rev>0</rev>
        <date>8 oct 2015</date>
        <source>ATMEGA328P.sch</source>
        <comment number="1" value="Based on the Arduino UNO R3 From arduino.cc"/>
        <comment number="2" value=""/>
        <comment number="3" value=""/>
        <comment number="4" value=""/>
      </title_block>
    </sheet>
  </design>
  <components>
    <comp ref="D1">
      <value>DIODE</value>
      <datasheet>http://www.onsemi.com/pub_link/Collateral/MRA4003T3-D.PDF</datasheet>
      <fields>
        <field name="Characteristics">1A, 1000V, SILICON, SIGNAL DIODE, ROHS COMPLIANT, COMPACT, PLASTIC, CASE 403D-02, SMA, 2 PIN</field>
        <field name="Description">Reverse Voltage Protection Diode</field>
        <field name="MFN">ON Semi</field>
        <field name="MFP">MRA4007T3G</field>
        <field name="Package ID">R-PDSO-J2</field>
        <field name="Source">ANY</field>
        <field name="Critical">N</field>
        <field name="Subsystem">Voltage_Reg</field>
      </fields>
      <libsource lib="device" part="D"/>
      <sheetpath names="/Voltage Regulator/" tstamps="/55CCFEA2/"/>
      <tstamp>55CD0063</tstamp>
    </comp>
    <comp ref="C1">
      <value>47uF</value>
      <datasheet>http://images.ihscontent.net/vipimages/VipMasterIC/IC/BEYS/BEYSS04513/BEYSS04513-1.pdf</datasheet>
      <fields>
        <field name="Characteristics">CAPACITOR, ALUMINUM ELECTROLYTIC, NON SOLID, POLARIZED, 50 V, 47 uF, SURFACE MOUNT, 3131, CHIP, ROHS COMPLIANT</field>
        <field name="Description">47uF Low ESR LDO Input Cap</field>
        <field name="MFN">Vishay</field>
        <field name="MFP">MAL215371479E3</field>
        <field name="Package ID">SMD 5.0 x 5.0 x 5.3</field>
        <field name="Source">ANY</field>
        <field name="Critical">N</field>
        <field name="Subsystem">Voltage_Reg</field>
        <field name="Notes">ESR must fall between 0.33Ω and 22Ω</field>
      </fields>
      <libsource lib="device" part="CP"/>
      <sheetpath names="/Voltage Regulator/" tstamps="/55CCFEA2/"/>
      <tstamp>55CD0072</tstamp>
    </comp>
    <comp ref="C3">
      <value>0.1 uF</value>
      <datasheet>http://images.ihscontent.net/vipimages/VipMasterIC/IC/KEME/KEMES10043/KEMES10043-1.pdf</datasheet>
      <fields>
        <field name="Characteristics">CAPACITOR, CERAMIC, MULTILAYER, 100 V, X7R, 0.1 uF, SURFACE MOUNT, 0805, CHIP, ROHS COMPLIANT</field>
        <field name="Description">LDO Bypass Cap</field>
        <field name="MFN">Kemet</field>
        <field name="MFP">C0805C104K1RACAUTO</field>
        <field name="Package ID">0805</field>
        <field name="Source">ANY</field>
        <field name="Critical">N</field>
        <field name="Subsystem">Voltage_Reg</field>
      </fields>
      <libsource lib="device" part="C"/>
      <sheetpath names="/Voltage Regulator/" tstamps="/55CCFEA2/"/>
      <tstamp>55CD0087</tstamp>
    </comp>
    <comp ref="CON1">
      <value>BARREL_JACK</value>
      <datasheet>http://katalog.we-online.de/em/datasheet/6941xx106102.pdf</datasheet>
      <fields>
        <field name="Characteristics">CONN PWR JACK DC RA SMD	</field>
        <field name="Description">9V Barrel Jack</field>
        <field name="MFN">Wurth Electronics</field>
        <field name="MFP">694106106102</field>
        <field name="Package ID">Custom SMD</field>
        <field name="Source">ANY</field>
        <field name="Critical">N</field>
        <field name="Subsystem">Voltage_Reg</field>
        <field name="Notes">Any sub must match footprint</field>
      </fields>
      <libsource lib="conn" part="BARREL_JACK"/>
      <sheetpath names="/Voltage Regulator/" tstamps="/55CCFEA2/"/>
      <tstamp>55CD027B</tstamp>
    </comp>
    <comp ref="C2">
      <value>47uF</value>
      <datasheet>http://images.ihscontent.net/vipimages/VipMasterIC/IC/BEYS/BEYSS04513/BEYSS04513-1.pdf</datasheet>
      <fields>
        <field name="Characteristics">CAPACITOR, ALUMINUM ELECTROLYTIC, NON SOLID, POLARIZED, 50 V, 47 uF, SURFACE MOUNT, 3131, CHIP, ROHS COMPLIANT</field>
        <field name="Description">47uF Low ESR LDO Output Cap</field>
        <field name="MFN">Vishay</field>
        <field name="MFP">MAL215371479E3</field>
        <field name="Package ID">SMD 5.0 x 5.0 x 5.3</field>
        <field name="Source">ANY</field>
        <field name="Critical">N</field>
        <field name="Subsystem">Voltage_Reg</field>
        <field name="Notes">ESR must fall between 0.33Ω and 22Ω</field>
      </fields>
      <libsource lib="device" part="CP"/>
      <sheetpath names="/Voltage Regulator/" tstamps="/55CCFEA2/"/>
      <tstamp>55CE80D3</tstamp>
    </comp>
    <comp ref="R1">
      <value>510</value>
      <datasheet>http://www.yageo.com/pdf/Pu-RC0805_51_PbFree_L_2.pdf</datasheet>
      <fields>
        <field name="Characteristics">RESISTOR, METAL GLAZE/THICK FILM, 0.125W, 1%, 100ppm, 510ohm, SURFACE MOUNT, 0805</field>
        <field name="Description">Power On LED Resistor</field>
        <field name="MFN">Yageo</field>
        <field name="MFP">RC0805FR-07510RL</field>
        <field name="Package ID">0805</field>
        <field name="Source">ANY</field>
        <field name="Critical">N</field>
        <field name="Subsystem">Voltage_Reg</field>
      </fields>
      <libsource lib="device" part="R"/>
      <sheetpath names="/Voltage Regulator/" tstamps="/55CCFEA2/"/>
      <tstamp>55D1FC6C</tstamp>
    </comp>
    <comp ref="D2">
      <value>LED</value>
      <datasheet>http://www.osram-os.com/Graphics/XPic9/00078860_0.pdf</datasheet>
      <fields>
        <field name="Characteristics">LED CHIPLED 570NM GREEN</field>
        <field name="Description">Power On Green LED</field>
        <field name="MFN">OSRAM Opto</field>
        <field name="MFP">LG R971-KN-1</field>
        <field name="Package ID">0805</field>
        <field name="Source">ANY</field>
        <field name="Critical">N</field>
        <field name="Subsystem">Voltage_Reg</field>
      </fields>
      <libsource lib="device" part="LED"/>
      <sheetpath names="/Voltage Regulator/" tstamps="/55CCFEA2/"/>
      <tstamp>55D1FC7B</tstamp>
    </comp>
    <comp ref="U1">
      <value>LD1117S50TR</value>
      <datasheet>http://www.st.com/st-web-ui/static/active/en/resource/technical/document/datasheet/CD00000544.pdf</datasheet>
      <fields>
        <field name="Characteristics">5 V FIXED POSITIVE LDO REGULATOR, 1.2 V DROPOUT, PDSO3, ROHS COMPLIANT, SOT-223, 4 PIN</field>
        <field name="Description">5V Fixed LDO</field>
        <field name="MFN">STMicroelectronics</field>
        <field name="MFP">LD1117S50TR</field>
        <field name="Package ID">SOT-223</field>
        <field name="Source">Any</field>
        <field name="Critical">N</field>
        <field name="Subsystem">Voltage_Reg</field>
      </fields>
      <libsource lib="regul" part="LD1117S50TR"/>
      <sheetpath names="/Voltage Regulator/" tstamps="/55CCFEA2/"/>
      <tstamp>55CD2289</tstamp>
    </comp>
    <comp ref="R2">
      <value>10K</value>
      <datasheet>http://images.ihscontent.net/vipimages/VipMasterIC/IC/VISH/VISHS75859/VISHS75859-1.pdf</datasheet>
      <fields>
        <field name="Characteristics">RESISTOR, METAL GLAZE/THICK FILM, 0.125W, 5%, 200ppm, 10000ohm, SURFACE MOUNT, 0805</field>
        <field name="Description">10K Comparator Voltage Divider Resistor</field>
        <field name="MFN">Vishay</field>
        <field name="MFP">CRCW080510K0JNEA</field>
        <field name="Package ID">0805</field>
        <field name="Source">ANY</field>
        <field name="Critical">N</field>
        <field name="Subsystem">Voltage_Mgmt</field>
      </fields>
      <libsource lib="device" part="R"/>
      <sheetpath names="/Voltage Management/" tstamps="/55D0D7E6/"/>
      <tstamp>55D0D88A</tstamp>
    </comp>
    <comp ref="Q1">
      <value>FDN340P</value>
      <datasheet>https://www.fairchildsemi.com/datasheets/FD/FDN340P.pdf</datasheet>
      <fields>
        <field name="Characteristics">2000 mA, 20 V, P-CHANNEL, Si, SMALL SIGNAL, MOSFET, SUPERSOT-3</field>
        <field name="Description">USBVCC MOSFET</field>
        <field name="MFN">Fairchild Semiconductor</field>
        <field name="MFP">FDN340P</field>
        <field name="Package ID">SOT23</field>
        <field name="Source">ANY</field>
        <field name="Critical">N</field>
        <field name="Subsystem">Voltage_Mgmt</field>
      </fields>
      <libsource lib="device" part="Q_PMOS_GSD"/>
      <sheetpath names="/Voltage Management/" tstamps="/55D0D7E6/"/>
      <tstamp>55D0D9DF</tstamp>
    </comp>
    <comp ref="U2">
      <value>LMV358IDGKR</value>
      <datasheet>http://www.ti.com/lit/ds/symlink/lmv358.pdf</datasheet>
      <fields>
        <field name="Characteristics">DUAL OP-AMP, 7000uV OFFSET-MAX, 1MHz BAND WIDTH</field>
        <field name="Description">Comparator Op-amp</field>
        <field name="MFN">Texas Instruments</field>
        <field name="MFP">LMV358IDGKR</field>
        <field name="Package ID">VSSOP8</field>
        <field name="Source">ANY</field>
        <field name="Critical">N</field>
        <field name="Subsystem">Voltage_Mgmt</field>
      </fields>
      <libsource lib="linear" part="LM358"/>
      <sheetpath names="/Voltage Management/" tstamps="/55D0D7E6/"/>
      <tstamp>55D11D89</tstamp>
    </comp>
    <comp ref="U3">
      <value>LP2985-33DBVR</value>
      <datasheet>http://www.ti.com/lit/ds/symlink/lp2985-33.pdf</datasheet>
      <fields>
        <field name="Characteristics">3.3V FIXED POSITIVE LDO REGULATOR, 0.575V DROPOUT</field>
        <field name="Description">3V3 Fixed LDO Regulator</field>
        <field name="MFN">Texas Instruments</field>
        <field name="MFP">LP2985-33DBVR</field>
        <field name="Package ID">SOT-23 5</field>
        <field name="Source">ANY</field>
        <field name="Critical">N</field>
        <field name="Subsystem">Voltage_Mgmt</field>
      </fields>
      <libsource lib="regul" part="LP2985LV"/>
      <sheetpath names="/Voltage Management/" tstamps="/55D0D7E6/"/>
      <tstamp>55D1286F</tstamp>
    </comp>
    <comp ref="C6">
      <value>2.2uF</value>
      <datasheet>http://product.tdk.com/en/catalog/datasheets/mlcc_commercial_general_en.pdf</datasheet>
      <fields>
        <field name="Characteristics">CAP CER 2.2UF 16V X7R 0805</field>
        <field name="Description">2.2uF 3V3 LDO Output Cap</field>
        <field name="MFN">TDK Corporation</field>
        <field name="MFP">C2012X7R1C225K125AB</field>
        <field name="Package ID">0805</field>
        <field name="Source">ANY</field>
        <field name="Critical">Y</field>
        <field name="Subsystem">Voltage_Mgmt</field>
        <field name="Notes">Must be between 0.001 and 1Ω ESR</field>
      </fields>
      <libsource lib="device" part="C"/>
      <sheetpath names="/Voltage Management/" tstamps="/55D0D7E6/"/>
      <tstamp>55D12923</tstamp>
    </comp>
    <comp ref="C5">
      <value>1uF</value>
      <datasheet>http://www.kemet.com/docfinder?Partnumber=C0805C105K8RACAUTO</datasheet>
      <fields>
        <field name="Characteristics">CAPACITOR, CERAMIC, MULTILAYER, 10 V, X7R, 1 uF, SURFACE MOUNT, 0805</field>
        <field name="Description">3V3 LDO Input Cap</field>
        <field name="MFN">Kemet</field>
        <field name="MFP">C0805C105K8RACAUTO </field>
        <field name="Package ID">0805</field>
        <field name="Source">ANY</field>
        <field name="Critical">N</field>
        <field name="Subsystem">Voltage_Mgmt</field>
      </fields>
      <libsource lib="device" part="C"/>
      <sheetpath names="/Voltage Management/" tstamps="/55D0D7E6/"/>
      <tstamp>55D74BB5</tstamp>
    </comp>
    <comp ref="R3">
      <value>10K</value>
      <datasheet>http://images.ihscontent.net/vipimages/VipMasterIC/IC/VISH/VISHS75859/VISHS75859-1.pdf</datasheet>
      <fields>
        <field name="Characteristics">RESISTOR, METAL GLAZE/THICK FILM, 0.125W, 5%, 200ppm, 10000ohm, SURFACE MOUNT, 0805</field>
        <field name="Description">10K Comparator Voltage Divider Resistor</field>
        <field name="MFN">Vishay</field>
        <field name="MFP">CRCW080510K0JNEA</field>
        <field name="Package ID">0805</field>
        <field name="Source">ANY</field>
        <field name="Critical">N</field>
        <field name="Subsystem">Voltage_Mgmt</field>
      </fields>
      <libsource lib="device" part="R"/>
      <sheetpath names="/Voltage Management/" tstamps="/55D0D7E6/"/>
      <tstamp>55D76313</tstamp>
    </comp>
    <comp ref="C4">
      <value>0.1 uF</value>
      <datasheet>http://images.ihscontent.net/vipimages/VipMasterIC/IC/KEME/KEMES10043/KEMES10043-1.pdf</datasheet>
      <fields>
        <field name="Characteristics">CAPACITOR, CERAMIC, MULTILAYER, 100 V, X7R, 0.1 uF, SURFACE MOUNT, 0805, CHIP, ROHS COMPLIANT</field>
        <field name="Description">LDO Bypass Cap</field>
        <field name="MFN">Kemet</field>
        <field name="MFP">C0805C104K1RACAUTO</field>
        <field name="Package ID">0805</field>
        <field name="Source">ANY</field>
        <field name="Critical">N</field>
        <field name="Subsystem">Voltage_Mgmt</field>
      </fields>
      <libsource lib="device" part="C"/>
      <sheetpath names="/Voltage Management/" tstamps="/55D0D7E6/"/>
      <tstamp>55D763EF</tstamp>
    </comp>
    <comp ref="D3">
      <value>LED</value>
      <datasheet>http://www.osram-os.com/Graphics/XPic9/00078860_0.pdf</datasheet>
      <fields>
        <field name="Characteristics">LED CHIPLED 570NM GREEN</field>
        <field name="Description">Power On Green LED</field>
        <field name="MFN">OSRAM Opto</field>
        <field name="MFP">LG R971-KN-1</field>
        <field name="Package ID">0805</field>
        <field name="Source">ANY</field>
        <field name="Critical">N</field>
        <field name="Subsystem">Pin13_LED</field>
      </fields>
      <libsource lib="device" part="LED"/>
      <sheetpath names="/Pin 13 LED/" tstamps="/55D7ED28/"/>
      <tstamp>55D7F0E4</tstamp>
    </comp>
    <comp ref="R4">
      <value>510</value>
      <datasheet>http://www.yageo.com/pdf/Pu-RC0805_51_PbFree_L_2.pdf</datasheet>
      <fields>
        <field name="Characteristics">RESISTOR, METAL GLAZE/THICK FILM, 0.125W, 1%, 100ppm, 510ohm, SURFACE MOUNT, 0805</field>
        <field name="Description">Power On LED Resistor</field>
        <field name="MFN">Yageo</field>
        <field name="MFP">RC0805FR-07510RL</field>
        <field name="Package ID">0805</field>
        <field name="Source">ANY</field>
        <field name="Critical">N</field>
        <field name="Subsystem">Pin13_LED</field>
      </fields>
      <libsource lib="device" part="R"/>
      <sheetpath names="/Pin 13 LED/" tstamps="/55D7ED28/"/>
      <tstamp>55D7F236</tstamp>
    </comp>
    <comp ref="MF-MSMF050-2">
      <value>500mA</value>
      <datasheet>http://www.bourns.com/data/global/pdfs/mfmsmf.pdf</datasheet>
      <fields>
        <field name="Characteristics">500mA EMPERATURE DEPENDENT, PTC RESETTABLE FUSE</field>
        <field name="Description">PTC Resettable Fuse on USBVCC</field>
        <field name="MFN">Bourns</field>
        <field name="MFP">MF-MSMF050-2</field>
        <field name="Package ID">SMD</field>
        <field name="Source">ANY</field>
        <field name="Critical">N</field>
        <field name="Subsystem">USB_Cnxn</field>
      </fields>
      <libsource lib="device" part="THERMISTOR"/>
      <sheetpath names="/USB Interface/" tstamps="/55D9F413/"/>
      <tstamp>55D9F609</tstamp>
    </comp>
    <comp ref="R5">
      <value>22R</value>
      <datasheet>http://www.yageo.com/NewPortal/yageodocoutput?fileName=/pdf/R-Chip/PYu-RC_Group_51_RoHS_L_3.pdf</datasheet>
      <fields>
        <field name="Characteristics">RES SMD 22 OHM 5% 1/8W 0805</field>
        <field name="Description">22R USB Termination Resistor</field>
        <field name="MFN">Yageo</field>
        <field name="MFP">RC0805JR-0722RL</field>
        <field name="Package ID">0805</field>
        <field name="Source">ANY</field>
        <field name="Critical">Y</field>
        <field name="Subsystem">USB_Cnxn</field>
        <field name="Notes">Must match 5% tolerance</field>
      </fields>
      <libsource lib="device" part="R"/>
      <sheetpath names="/USB Interface/" tstamps="/55D9F413/"/>
      <tstamp>55D9F618</tstamp>
    </comp>
    <comp ref="J1">
      <value>USB_TYPE_B</value>
      <datasheet>http://images.ihscontent.net/vipimages/VipMasterIC/IC/TYEL/TYELS17825/TYELS17825-1.pdf</datasheet>
      <fields>
        <field name="Characteristics">4 CONTACT(S), FEMALE, RIGHT ANGLE USB TYPE-B CONNECTOR</field>
        <field name="Description">USB Type-B Connector</field>
        <field name="MFN">TE Connectivity</field>
        <field name="MFP">292304-1</field>
        <field name="Package ID">PTH</field>
        <field name="Source">ANY</field>
        <field name="Critical">Y</field>
        <field name="Subsystem">USB_Cnxn</field>
        <field name="Notes">Must match footprint</field>
      </fields>
      <libsource lib="Arduino_Uno_R3_From_Scratch" part="USB_TYPE_B"/>
      <sheetpath names="/USB Interface/" tstamps="/55D9F413/"/>
      <tstamp>55D9FD04</tstamp>
    </comp>
    <comp ref="VR2">
      <value>CG0603MLC-05E</value>
      <datasheet>http://www.bourns.com/data/global/pdfs/mlc.pdf</datasheet>
      <fields>
        <field name="Characteristics">VOLTAGE DEPENDENT RESISTOR, 5V, SURFACE MOUNT, CHIP, 0603,</field>
        <field name="Description">ESD Protection Varistor</field>
        <field name="MFN">Bourns</field>
        <field name="MFP">CG0603MLC-05E</field>
        <field name="Package ID">0603</field>
        <field name="Source">ANY</field>
        <field name="Critical">N</field>
        <field name="Subsystem">USB_Cnxn</field>
      </fields>
      <libsource lib="device" part="VR"/>
      <sheetpath names="/USB Interface/" tstamps="/55D9F413/"/>
      <tstamp>55D9FD25</tstamp>
    </comp>
    <comp ref="FB1">
      <value>BLM21PG221SN1D</value>
      <datasheet>http://search.murata.co.jp/Ceramy/image/img/PDF/ENG/L0110S0100BLM21P.pdf</datasheet>
      <fields>
        <field name="Characteristics">2 A, FERRITE CHIP, EIA STD PACKAGE SIZE 0805</field>
        <field name="Description">USB Ferrite Bead</field>
        <field name="MFN">Murata</field>
        <field name="MFP">BLM21PG221SN1D</field>
        <field name="Package ID">0805</field>
        <field name="Source">ANY</field>
        <field name="Critical">N</field>
        <field name="Subsystem">USB_Cnxn</field>
        <field name="Notes">Must meet 2A tolerance rating</field>
      </fields>
      <libsource lib="device" part="FILTER"/>
      <sheetpath names="/USB Interface/" tstamps="/55D9F413/"/>
      <tstamp>55D9FE69</tstamp>
    </comp>
    <comp ref="VR1">
      <value>CG0603MLC-05E</value>
      <datasheet>http://www.bourns.com/data/global/pdfs/mlc.pdf</datasheet>
      <fields>
        <field name="Characteristics">VOLTAGE DEPENDENT RESISTOR, 5V, SURFACE MOUNT, CHIP, 0603,</field>
        <field name="Description">ESD Protection Varistor</field>
        <field name="MFN">Bourns</field>
        <field name="MFP">CG0603MLC-05E</field>
        <field name="Package ID">0603</field>
        <field name="Source">ANY</field>
        <field name="Critical">N</field>
        <field name="Subsystem">USB_Cnxn</field>
      </fields>
      <libsource lib="device" part="VR"/>
      <sheetpath names="/USB Interface/" tstamps="/55D9F413/"/>
      <tstamp>55DCBA3D</tstamp>
    </comp>
    <comp ref="R6">
      <value>22R</value>
      <datasheet>http://www.yageo.com/NewPortal/yageodocoutput?fileName=/pdf/R-Chip/PYu-RC_Group_51_RoHS_L_3.pdf</datasheet>
      <fields>
        <field name="Characteristics">RES SMD 22 OHM 5% 1/8W 0805</field>
        <field name="Description">22R USB Termination Resistor</field>
        <field name="MFN">Yageo</field>
        <field name="MFP">RC0805JR-0722RL</field>
        <field name="Package ID">0805</field>
        <field name="Source">ANY</field>
        <field name="Critical">Y</field>
        <field name="Subsystem">USB_Cnxn</field>
        <field name="Notes">Must match 5% tolerance</field>
      </fields>
      <libsource lib="device" part="R"/>
      <sheetpath names="/USB Interface/" tstamps="/55D9F413/"/>
      <tstamp>55DCBAAC</tstamp>
    </comp>
    <comp ref="U4">
      <value>ATMEGA16U2-MU</value>
      <datasheet>http://www.atmel.com/Images/doc7799.pdf</datasheet>
      <fields>
        <field name="Characteristics">ATMEGA16U2 Microcontroller</field>
        <field name="Description">ATMEGA16U2 Microcontroller</field>
        <field name="MFN">Atmel</field>
        <field name="MFP">ATMEGA16U2-MU</field>
        <field name="Package ID">QFN32</field>
        <field name="Source">ANY</field>
        <field name="Critical">YES</field>
        <field name="Subsystem">16U2_Sub</field>
      </fields>
      <libsource lib="MFN_Atmel" part="ATMEGA16U2-MU"/>
      <sheetpath names="/ATMEGA16U2/" tstamps="/55DD0855/"/>
      <tstamp>55DD1752</tstamp>
    </comp>
    <comp ref="X1">
      <value>FOXSLF/160-20</value>
      <datasheet>http://www.foxonline.com/pdfs/hc49slf.pdf</datasheet>
      <fields>
        <field name="Characteristics">16MHz PARALLEL FUNDAMENTAL 30PPM 20PF LOAD</field>
        <field name="Description">ATMEGA16U2 16MHz Crystal Oscillator</field>
        <field name="MFN">Fox Electronics</field>
        <field name="MFP">FOXSLF/160-20</field>
        <field name="Package ID">PTH</field>
        <field name="Source">ANY</field>
        <field name="Critical">N</field>
        <field name="Subsystem">16U2_Sub</field>
        <field name="Notes">Must Match Tolerance in PPM and Load Cap Value</field>
      </fields>
      <libsource lib="device" part="Crystal"/>
      <sheetpath names="/ATMEGA16U2/" tstamps="/55DD0855/"/>
      <tstamp>55DD176B</tstamp>
    </comp>
    <comp ref="R9">
      <value>1M</value>
      <datasheet>http://www.vishay.com/docs/20035/dcrcwe3.pdf</datasheet>
      <fields>
        <field name="Characteristics">RES SMD 1M OHM 1% 1/8W 0805</field>
        <field name="Description">ATMEGA16U2 Xtal 1M Feedback Resistor</field>
        <field name="MFN">Vishay</field>
        <field name="MFP">CRCW08051M00FKEA</field>
        <field name="Package ID">0805</field>
        <field name="Source">ANY</field>
        <field name="Critical">N</field>
        <field name="Subsystem">16U2_Sub</field>
      </fields>
      <libsource lib="device" part="R"/>
      <sheetpath names="/ATMEGA16U2/" tstamps="/55DD0855/"/>
      <tstamp>55DD199B</tstamp>
    </comp>
    <comp ref="C7">
      <value>20pF</value>
      <datasheet>http://www.kemet.com/docfinder?Partnumber=C0805C200G5GACTU</datasheet>
      <fields>
        <field name="Characteristics">CAP CER 20PF 50V 2% NP0 0805</field>
        <field name="Description">20pF ATMEGA16U2 XTAL Load Cap</field>
        <field name="MFN">Kemet</field>
        <field name="MFP">C0805C200G5GACTU</field>
        <field name="Package ID">0805</field>
        <field name="Source">Any</field>
        <field name="Critical">Y</field>
        <field name="Subsystem">16U2_Sub</field>
        <field name="Notes">Must match tolerance</field>
      </fields>
      <libsource lib="device" part="C"/>
      <sheetpath names="/ATMEGA16U2/" tstamps="/55DD0855/"/>
      <tstamp>55DD1AB8</tstamp>
    </comp>
    <comp ref="ICSP1">
      <value>M20-9980346</value>
      <datasheet>http://cdn.harwin.com/pdfs/M20-998.pdf</datasheet>
      <fields>
        <field name="Characteristics">6 CONTACT(S), MALE, STRAIGHT TWO PART BOARD CONNECTOR</field>
        <field name="Description">ATMEGA16U2 ICSP Header</field>
        <field name="MFN">Harwin</field>
        <field name="MFP">M20-9980346</field>
        <field name="Package ID">PTH</field>
        <field name="Source">ANY</field>
        <field name="Critical">N</field>
        <field name="Subsystem">16U2_Sub</field>
      </fields>
      <libsource lib="conn" part="CONN_02X03"/>
      <sheetpath names="/ATMEGA16U2/" tstamps="/55DD0855/"/>
      <tstamp>55DD5A7C</tstamp>
    </comp>
    <comp ref="D4">
      <value>1N4148W-7-F</value>
      <datasheet>http://www.diodes.com/_files/datasheets/ds30086.pdf</datasheet>
      <fields>
        <field name="Characteristics">DIODE GEN PURP 100V 300MA SOD123</field>
        <field name="Description">ATMEGA16U2 ICSP Reset Voltage Spike Protection</field>
        <field name="MFN">Diodes Inc</field>
        <field name="MFP">1N4148W-7-F</field>
        <field name="Package ID">SOD123</field>
        <field name="Source">ANY</field>
        <field name="Critical">N</field>
        <field name="Subsystem">16U2_Sub</field>
      </fields>
      <libsource lib="device" part="D"/>
      <sheetpath names="/ATMEGA16U2/" tstamps="/55DD0855/"/>
      <tstamp>55DD5A91</tstamp>
    </comp>
    <comp ref="JP2">
      <value>NO_POP</value>
      <fields>
        <field name="Characteristics">FOOTPRINT ONLY</field>
        <field name="Description">FOOTPRINT ONLY</field>
        <field name="MFN">FOOTPRINT ONLY</field>
        <field name="MFP">FOOTPRINT ONLY</field>
        <field name="Package ID">PTH</field>
        <field name="Source">FOOTPRINT ONLY</field>
        <field name="Critical">FOOTPRINT ONLY</field>
        <field name="Subsystem">16U2_Sub</field>
      </fields>
      <libsource lib="conn" part="CONN_02X02"/>
      <sheetpath names="/ATMEGA16U2/" tstamps="/55DD0855/"/>
      <tstamp>55DD5F9A</tstamp>
    </comp>
    <comp ref="C8">
      <value>20pF</value>
      <datasheet>http://www.kemet.com/docfinder?Partnumber=C0805C200G5GACTU</datasheet>
      <fields>
        <field name="Characteristics">CAP CER 20PF 50V 2% NP0 0805</field>
        <field name="Description">20pF ATMEGA16U2 XTAL Load Cap</field>
        <field name="MFN">Kemet</field>
        <field name="MFP">C0805C200G5GACTU</field>
        <field name="Package ID">0805</field>
        <field name="Source">Any</field>
        <field name="Critical">Y</field>
        <field name="Subsystem">16U2_Sub</field>
        <field name="Notes">Must match tolerance</field>
      </fields>
      <libsource lib="device" part="C"/>
      <sheetpath names="/ATMEGA16U2/" tstamps="/55DD0855/"/>
      <tstamp>55E74B0C</tstamp>
    </comp>
    <comp ref="C9">
      <value>0.1 uF</value>
      <datasheet>http://images.ihscontent.net/vipimages/VipMasterIC/IC/KEME/KEMES10043/KEMES10043-1.pdf</datasheet>
      <fields>
        <field name="Characteristics">CAPACITOR, CERAMIC, MULTILAYER, 100 V, X7R, 0.1 uF, SURFACE MOUNT, 0805, CHIP, ROHS COMPLIANT</field>
        <field name="Description">ATMEGA16U2 VCC Bypass Cap</field>
        <field name="MFN">Kemet</field>
        <field name="MFP">C0805C104K1RACAUTO</field>
        <field name="Package ID">0805</field>
        <field name="Source">ANY</field>
        <field name="Critical">N</field>
        <field name="Subsystem">16U2_Sub</field>
      </fields>
      <libsource lib="device" part="C"/>
      <sheetpath names="/ATMEGA16U2/" tstamps="/55DD0855/"/>
      <tstamp>55E75271</tstamp>
    </comp>
    <comp ref="C10">
      <value>1uF</value>
      <fields>
        <field name="Characteristics">CAPACITOR, CERAMIC, MULTILAYER, 10 V, X7R, 1 uF, SURFACE MOUNT, 0805</field>
        <field name="Description">ATMEGA16U2 1uF UCAP </field>
        <field name="MFN">Kemet</field>
        <field name="MFP">C0805C105K8RACAUTO </field>
        <field name="Package ID">0805</field>
        <field name="Source">ANY</field>
        <field name="Critical">N</field>
        <field name="Subsystem">16U2_Sub</field>
      </fields>
      <libsource lib="device" part="C"/>
      <sheetpath names="/ATMEGA16U2/" tstamps="/55DD0855/"/>
      <tstamp>55E755EF</tstamp>
    </comp>
    <comp ref="R8">
      <value>0</value>
      <datasheet>http://industrial.panasonic.com/www-cgi/jvcr13pz.cgi?E+PZ+3+AOA0001+ERJ6GEY0R00V+7+WW</datasheet>
      <fields>
        <field name="Characteristics">RES SMD 0.0 OHM JUMPER 1/8W 0805</field>
        <field name="Description">ATMEGA16U2 UGND to GND Link</field>
        <field name="MFN">Panasonic</field>
        <field name="MFP">ERJ-6GEY0R00V</field>
        <field name="Package ID">0805</field>
        <field name="Source">ANY</field>
        <field name="Critical">N</field>
        <field name="Subsystem">16U2_Sub</field>
      </fields>
      <libsource lib="device" part="R"/>
      <sheetpath names="/ATMEGA16U2/" tstamps="/55DD0855/"/>
      <tstamp>55E75680</tstamp>
    </comp>
    <comp ref="R7">
      <value>10K</value>
      <datasheet>http://images.ihscontent.net/vipimages/VipMasterIC/IC/VISH/VISHS75859/VISHS75859-1.pdf</datasheet>
      <fields>
        <field name="Characteristics">RESISTOR, METAL GLAZE/THICK FILM, 0.125W, 5%, 200ppm, 10000ohm, SURFACE MOUNT, 0805</field>
        <field name="Description">ATMEGA16U2 10K ICSP Pull Up</field>
        <field name="MFN">Vishay</field>
        <field name="MFP">CRCW080510K0JNEA</field>
        <field name="Package ID">0805</field>
        <field name="Source">ANY</field>
        <field name="Critical">N</field>
        <field name="Subsystem">16U2_Sub</field>
      </fields>
      <libsource lib="device" part="R"/>
      <sheetpath names="/ATMEGA16U2/" tstamps="/55DD0855/"/>
      <tstamp>55E768BC</tstamp>
    </comp>
    <comp ref="R10">
      <value>510</value>
      <datasheet>http://www.yageo.com/pdf/Pu-RC0805_51_PbFree_L_2.pdf</datasheet>
      <fields>
        <field name="Characteristics">RESISTOR, METAL GLAZE/THICK FILM, 0.125W, 1%, 100ppm, 510ohm, SURFACE MOUNT, 0805</field>
        <field name="Description">Serial Tx LED Resistor</field>
        <field name="MFN">Yageo</field>
        <field name="MFP">RC0805FR-07510RL</field>
        <field name="Package ID">0805</field>
        <field name="Source">ANY</field>
        <field name="Critical">N</field>
        <field name="Subsystem">16U2_Sub</field>
      </fields>
      <libsource lib="device" part="R"/>
      <sheetpath names="/ATMEGA16U2/" tstamps="/55DD0855/"/>
      <tstamp>55E77798</tstamp>
    </comp>
    <comp ref="R11">
      <value>510</value>
      <datasheet>http://www.yageo.com/pdf/Pu-RC0805_51_PbFree_L_2.pdf</datasheet>
      <fields>
        <field name="Characteristics">RESISTOR, METAL GLAZE/THICK FILM, 0.125W, 1%, 100ppm, 510ohm, SURFACE MOUNT, 0805</field>
        <field name="Description">Serial Rx LED Resistor</field>
        <field name="MFN">Yageo</field>
        <field name="MFP">RC0805FR-07510RL</field>
        <field name="Package ID">0805</field>
        <field name="Source">ANY</field>
        <field name="Critical">N</field>
        <field name="Subsystem">16U2_Sub</field>
      </fields>
      <libsource lib="device" part="R"/>
      <sheetpath names="/ATMEGA16U2/" tstamps="/55DD0855/"/>
      <tstamp>55E777A6</tstamp>
    </comp>
    <comp ref="D5">
      <value>LED</value>
      <datasheet>http://www.osram-os.com/Graphics/XPic9/00078860_0.pdf</datasheet>
      <fields>
        <field name="Characteristics">LED CHIPLED 570NM GREEN</field>
        <field name="Description">Serial Tx Green LED</field>
        <field name="MFN">OSRAM Opto</field>
        <field name="MFP">LG R971-KN-1</field>
        <field name="Package ID">0805</field>
        <field name="Source">ANY</field>
        <field name="Critical">N</field>
        <field name="Subsystem">16U2_Sub</field>
      </fields>
      <libsource lib="device" part="LED"/>
      <sheetpath names="/ATMEGA16U2/" tstamps="/55DD0855/"/>
      <tstamp>55E77F2A</tstamp>
    </comp>
    <comp ref="D6">
      <value>LED</value>
      <datasheet>http://www.osram-os.com/Graphics/XPic9/00078860_0.pdf</datasheet>
      <fields>
        <field name="Characteristics">LED CHIPLED 570NM GREEN</field>
        <field name="Description">Serial Rx Green LED</field>
        <field name="MFN">OSRAM Opto</field>
        <field name="MFP">LG R971-KN-1</field>
        <field name="Package ID">0805</field>
        <field name="Source">ANY</field>
        <field name="Critical">N</field>
        <field name="Subsystem">16U2_Sub</field>
      </fields>
      <libsource lib="device" part="LED"/>
      <sheetpath names="/ATMEGA16U2/" tstamps="/55DD0855/"/>
      <tstamp>55E77FA0</tstamp>
    </comp>
    <comp ref="P1">
      <value>Power Header</value>
      <datasheet>http://sullinscorp.com/catalogs/101_PAGE114-115_.100_FEMALE_HDR.pdf</datasheet>
      <fields>
        <field name="Characteristics">Connector Header 8 Position 0.100" (2.54mm) Gold Surface Mount</field>
        <field name="Description">Shield Header 8POS - PWR</field>
        <field name="MFN">Sullins Connector</field>
        <field name="MFP">NPPC081KFXC-RC</field>
        <field name="Package ID">SMD</field>
        <field name="Source">ANY</field>
        <field name="Critical">N</field>
        <field name="Subsystem">Shield_Headers</field>
      </fields>
      <libsource lib="conn" part="CONN_01X08"/>
      <sheetpath names="/Headers/" tstamps="/55E94587/"/>
      <tstamp>55E94736</tstamp>
    </comp>
    <comp ref="P3">
      <value>Digital Header 02</value>
      <datasheet>http://sullinscorp.com/catalogs/101_PAGE114-115_.100_FEMALE_HDR.pdf</datasheet>
      <fields>
        <field name="Characteristics">Connector Header 10 Position 0.100" (2.54mm) Gold Surface Mount</field>
        <field name="Description">Shield Header 10POS - DIG02</field>
        <field name="MFN">Sullins Connector</field>
        <field name="MFP">NPPC101KFXC-RC</field>
        <field name="Package ID">SMD</field>
        <field name="Source">ANY</field>
        <field name="Critical">N</field>
        <field name="Subsystem">Shield_Headers</field>
      </fields>
      <libsource lib="conn" part="CONN_01X10"/>
      <sheetpath names="/Headers/" tstamps="/55E94587/"/>
      <tstamp>55E9474B</tstamp>
    </comp>
    <comp ref="P2">
      <value>Analog Header</value>
      <datasheet>http://sullinscorp.com/catalogs/101_PAGE114-115_.100_FEMALE_HDR.pdf</datasheet>
      <fields>
        <field name="Characteristics">Connector Header 6 Position 0.100" (2.54mm) Gold Surface Mount</field>
        <field name="Description">Shield Header 6POS - ANLG</field>
        <field name="MFN">Sullins Connector</field>
        <field name="MFP">NPPC061KFXC-RC</field>
        <field name="Package ID">SMD</field>
        <field name="Source">ANY</field>
        <field name="Critical">N</field>
        <field name="Subsystem">Shield_Headers</field>
      </fields>
      <libsource lib="conn" part="CONN_01X06"/>
      <sheetpath names="/Headers/" tstamps="/55E94587/"/>
      <tstamp>55E94764</tstamp>
    </comp>
    <comp ref="P4">
      <value>Digital Header 01</value>
      <datasheet>http://sullinscorp.com/catalogs/101_PAGE114-115_.100_FEMALE_HDR.pdf</datasheet>
      <fields>
        <field name="Characteristics">Connector Header 8 Position 0.100" (2.54mm) Gold Surface Mount</field>
        <field name="Description">Shield Header 8POS - DIG01</field>
        <field name="MFN">Sullins Connector</field>
        <field name="MFP">NPPC081KFXC-RC</field>
        <field name="Package ID">SMD</field>
        <field name="Source">ANY</field>
        <field name="Critical">N</field>
        <field name="Subsystem">Shield_Headers</field>
      </fields>
      <libsource lib="conn" part="CONN_01X08"/>
      <sheetpath names="/Headers/" tstamps="/55E94587/"/>
      <tstamp>5615BF57</tstamp>
    </comp>
    <comp ref="U5">
      <value>ATMEGA328P</value>
      <datasheet>http://www.atmel.com/images/Atmel-8271-8-bit-AVR-Microcontroller-ATmega48A-48PA-88A-88PA-168A-168PA-328-328P_datasheet_Complete.pdf</datasheet>
      <fields>
        <field name="Characteristics">IC MCU 8BIT 32KB FLASH 28DIP</field>
        <field name="Description">ATMEGA328P</field>
        <field name="MFN">Atmel</field>
        <field name="MFP">ATMEGA328P-PU</field>
        <field name="Package ID">PTH</field>
        <field name="Source">ANY</field>
        <field name="Critical">Y</field>
        <field name="Subsystem">328P_Sub</field>
      </fields>
      <libsource lib="MFN_Atmel" part="ATMEGA328P-PU"/>
      <sheetpath names="/ATMEGA328P/" tstamps="/55E89CE4/"/>
      <tstamp>55E8A80E</tstamp>
    </comp>
    <comp ref="R12">
      <value>1K</value>
      <datasheet>http://images.ihscontent.net/vipimages/VipMasterIC/IC/VISH/VISHS75859/VISHS75859-1.pdf</datasheet>
      <fields>
        <field name="Characteristics">METAL GLAZE/THICK FILM, 0.125W, 5%, 200ppm, 1000ohm, SURFACE MOUNT, 0805,</field>
        <field name="Description">ATMEGA328P DTR Pull Down Resistor</field>
        <field name="MFN">Vishay</field>
        <field name="MFP">CRCW08051K00JNEA</field>
        <field name="Package ID">0805</field>
        <field name="Source">ANY</field>
        <field name="Critical">N</field>
        <field name="Subsystem">328P_Sub</field>
      </fields>
      <libsource lib="device" part="R"/>
      <sheetpath names="/ATMEGA328P/" tstamps="/55E89CE4/"/>
      <tstamp>55E8B3B8</tstamp>
    </comp>
    <comp ref="ICSP2">
      <value>M20-9980346</value>
      <datasheet>http://cdn.harwin.com/pdfs/M20-998.pdf</datasheet>
      <fields>
        <field name="Characteristics">6 CONTACT(S), MALE, STRAIGHT TWO PART BOARD CONNECTOR</field>
        <field name="Description">ATMEGA328P ICSP Header</field>
        <field name="MFN">Harwin</field>
        <field name="MFP">M20-9980346</field>
        <field name="Package ID">PTH</field>
        <field name="Source">ANY</field>
        <field name="Critical">N</field>
        <field name="Subsystem">328P_Sub</field>
      </fields>
      <libsource lib="conn" part="CONN_02X03"/>
      <sheetpath names="/ATMEGA328P/" tstamps="/55E89CE4/"/>
      <tstamp>55E8CAAE</tstamp>
    </comp>
    <comp ref="D7">
      <value>1N4148W-7-F</value>
      <datasheet>http://www.diodes.com/_files/datasheets/ds30086.pdf</datasheet>
      <fields>
        <field name="Characteristics">DIODE GEN PURP 100V 300MA SOD123</field>
        <field name="Description">ATMEGA328P ICSP Reset Voltage Spike Protection</field>
        <field name="MFN">Diodes Inc</field>
        <field name="MFP">1N4148W-7-F</field>
        <field name="Package ID">SOD123</field>
        <field name="Source">ANY</field>
        <field name="Critical">N</field>
        <field name="Subsystem">328P_Sub</field>
      </fields>
      <libsource lib="device" part="D"/>
      <sheetpath names="/ATMEGA328P/" tstamps="/55E89CE4/"/>
      <tstamp>55E8CABC</tstamp>
    </comp>
    <comp ref="SW1">
      <value>RESET_SWITCH</value>
      <datasheet>http://industrial.panasonic.com/www-data/pdf/ATK0000/ATK0000CE28.pdf</datasheet>
      <fields>
        <field name="Characteristics">SWITCH TACTILE SPST-NO 0.02A 15V</field>
        <field name="Description">Reset Pushbutton</field>
        <field name="MFN">Panasonic</field>
        <field name="MFP">EVQ-Q2U02W</field>
        <field name="Package ID">SMD</field>
        <field name="Source">ANY</field>
        <field name="Critical">N</field>
        <field name="Notes">Prefer below 3mm in accuator height off PCB</field>
      </fields>
      <libsource lib="Arduino_Uno_R3_From_Scratch" part="RESET_SWITCH"/>
      <sheetpath names="/ATMEGA328P/" tstamps="/55E89CE4/"/>
      <tstamp>55E8D514</tstamp>
    </comp>
    <comp ref="R13">
      <value>0</value>
      <datasheet>http://industrial.panasonic.com/www-cgi/jvcr13pz.cgi?E+PZ+3+AOA0001+ERJ6GEY0R00V+7+WW</datasheet>
      <fields>
        <field name="Characteristics">RES SMD 0.0 OHM JUMPER 1/8W 0805</field>
        <field name="Description">ATMEGA328P DTR 0R Link</field>
        <field name="MFN">Panasonic</field>
        <field name="MFP">ERJ-6GEY0R00V</field>
        <field name="Package ID">0805</field>
        <field name="Source">ANY</field>
        <field name="Critical">N</field>
        <field name="Subsystem">328P_Sub</field>
      </fields>
      <libsource lib="device" part="R"/>
      <sheetpath names="/ATMEGA328P/" tstamps="/55E89CE4/"/>
      <tstamp>55EAC911</tstamp>
    </comp>
    <comp ref="X2">
      <value>CSTCE16MOV53-R0</value>
      <datasheet>http://www.murata.com/~/media/webrenewal/support/library/catalog/products/timingdevice/ceralock/p16e.ashx</datasheet>
      <fields>
        <field name="Characteristics">CER RESONATOR 16.0MHZ SMD</field>
        <field name="Description">ATMEGA328P Oscillator</field>
        <field name="MFN">Murata</field>
        <field name="MFP">CSTCE16M0V53-R0</field>
        <field name="Package ID">SMD</field>
        <field name="Source">ANY</field>
        <field name="Critical">Y</field>
        <field name="Subsystem">328P_Sub</field>
      </fields>
      <libsource lib="Arduino_Uno_R3_From_Scratch" part="CERAMIC_RESONATOR"/>
      <sheetpath names="/ATMEGA328P/" tstamps="/55E89CE4/"/>
      <tstamp>5614A1DB</tstamp>
    </comp>
    <comp ref="C14">
      <value>0.1 uF</value>
      <datasheet>http://images.ihscontent.net/vipimages/VipMasterIC/IC/KEME/KEMES10043/KEMES10043-1.pdf</datasheet>
      <fields>
        <field name="Characteristics">CAPACITOR, CERAMIC, MULTILAYER, 100 V, X7R, 0.1 uF, SURFACE MOUNT, 0805, CHIP, ROHS COMPLIANT</field>
        <field name="Description">ATMEGA328P AREF Bypass Cap</field>
        <field name="MFN">Kemet</field>
        <field name="MFP">C0805C104K1RACAUTO</field>
        <field name="Package ID">0805</field>
        <field name="Source">ANY</field>
        <field name="Critical">N</field>
        <field name="Subsystem">328P_Sub</field>
      </fields>
      <libsource lib="device" part="C"/>
      <sheetpath names="/ATMEGA328P/" tstamps="/55E89CE4/"/>
      <tstamp>56159BB8</tstamp>
    </comp>
    <comp ref="C15">
      <value>0.1 uF</value>
      <datasheet>http://images.ihscontent.net/vipimages/VipMasterIC/IC/KEME/KEMES10043/KEMES10043-1.pdf</datasheet>
      <fields>
        <field name="Characteristics">CAPACITOR, CERAMIC, MULTILAYER, 100 V, X7R, 0.1 uF, SURFACE MOUNT, 0805, CHIP, ROHS COMPLIANT</field>
        <field name="Description">ATMEGA328P VCC and AVCC Bypass Cap</field>
        <field name="MFN">Kemet</field>
        <field name="MFP">C0805C104K1RACAUTO</field>
        <field name="Package ID">0805</field>
        <field name="Source">ANY</field>
        <field name="Critical">N</field>
        <field name="Subsystem">328P_Sub</field>
      </fields>
      <libsource lib="device" part="C"/>
      <sheetpath names="/ATMEGA328P/" tstamps="/55E89CE4/"/>
      <tstamp>56159BD3</tstamp>
    </comp>
    <comp ref="R16">
      <value>10K</value>
      <datasheet>http://images.ihscontent.net/vipimages/VipMasterIC/IC/VISH/VISHS75859/VISHS75859-1.pdf</datasheet>
      <fields>
        <field name="Characteristics">RESISTOR, METAL GLAZE/THICK FILM, 0.125W, 5%, 200ppm, 10000ohm, SURFACE MOUNT, 0805</field>
        <field name="Description">ATMEGA328P 10K ICSP Pull Up</field>
        <field name="MFN">Vishay</field>
        <field name="MFP">CRCW080510K0JNEA</field>
        <field name="Package ID">0805</field>
        <field name="Source">ANY</field>
        <field name="Critical">N</field>
        <field name="Subsystem">328P_Sub</field>
      </fields>
      <libsource lib="device" part="R"/>
      <sheetpath names="/ATMEGA328P/" tstamps="/55E89CE4/"/>
      <tstamp>56159EEE</tstamp>
    </comp>
    <comp ref="R14">
      <value>1K</value>
      <datasheet>http://images.ihscontent.net/vipimages/VipMasterIC/IC/VISH/VISHS75859/VISHS75859-1.pdf</datasheet>
      <fields>
        <field name="Characteristics">METAL GLAZE/THICK FILM, 0.125W, 5%, 200ppm, 1000ohm, SURFACE MOUNT, 0805,</field>
        <field name="Description">ATMEGA328P Serial Tx Terminator</field>
        <field name="MFN">Vishay</field>
        <field name="MFP">CRCW08051K00JNEA</field>
        <field name="Package ID">0805</field>
        <field name="Source">ANY</field>
        <field name="Critical">N</field>
        <field name="Subsystem">328P_Sub</field>
      </fields>
      <libsource lib="device" part="R"/>
      <sheetpath names="/ATMEGA328P/" tstamps="/55E89CE4/"/>
      <tstamp>5615AAC4</tstamp>
    </comp>
    <comp ref="R15">
      <value>1K</value>
      <datasheet>http://images.ihscontent.net/vipimages/VipMasterIC/IC/VISH/VISHS75859/VISHS75859-1.pdf</datasheet>
      <fields>
        <field name="Characteristics">METAL GLAZE/THICK FILM, 0.125W, 5%, 200ppm, 1000ohm, SURFACE MOUNT, 0805,</field>
        <field name="Description">ATMEGA328P Serial Rx Terminator</field>
        <field name="MFN">Vishay</field>
        <field name="MFP">CRCW08051K00JNEA</field>
        <field name="Package ID">0805</field>
        <field name="Source">ANY</field>
        <field name="Critical">N</field>
        <field name="Subsystem">328P_Sub</field>
      </fields>
      <libsource lib="device" part="R"/>
      <sheetpath names="/ATMEGA328P/" tstamps="/55E89CE4/"/>
      <tstamp>5615AB21</tstamp>
    </comp>
    <comp ref="C11">
      <value>0.1 uF</value>
      <datasheet>http://images.ihscontent.net/vipimages/VipMasterIC/IC/KEME/KEMES10043/KEMES10043-1.pdf</datasheet>
      <fields>
        <field name="Characteristics">CAPACITOR, CERAMIC, MULTILAYER, 100 V, X7R, 0.1 uF, SURFACE MOUNT, 0805, CHIP, ROHS COMPLIANT</field>
        <field name="Description">ATMEGA328P Reset Cap</field>
        <field name="MFN">Kemet</field>
        <field name="MFP">C0805C104K1RACAUTO</field>
        <field name="Package ID">0805</field>
        <field name="Source">ANY</field>
        <field name="Critical">N</field>
        <field name="Subsystem">328P_Sub</field>
      </fields>
      <libsource lib="device" part="C"/>
      <sheetpath names="/ATMEGA328P/" tstamps="/55E89CE4/"/>
      <tstamp>5615AE65</tstamp>
    </comp>
    <comp ref="R17">
      <value>1M</value>
      <datasheet>http://www.vishay.com/docs/20035/dcrcwe3.pdf</datasheet>
      <fields>
        <field name="Characteristics">RES SMD 1M OHM 1% 1/8W 0805</field>
        <field name="Description">ATMEGA328P Xtal 1M Feedback Resistor</field>
        <field name="MFN">Vishay</field>
        <field name="MFP">CRCW08051M00FKEA</field>
        <field name="Package ID">0805</field>
        <field name="Source">ANY</field>
        <field name="Critical">N</field>
        <field name="Subsystem">328P_Sub</field>
      </fields>
      <libsource lib="device" part="R"/>
      <sheetpath names="/ATMEGA328P/" tstamps="/55E89CE4/"/>
      <tstamp>5615BCD3</tstamp>
    </comp>
  </components>
  <libparts>
    <libpart lib="device" part="C">
      <description>Unpolarized capacitor</description>
      <footprints>
        <fp>C?</fp>
        <fp>C_????_*</fp>
        <fp>C_????</fp>
        <fp>SMD*_c</fp>
        <fp>Capacitor*</fp>
      </footprints>
      <fields>
        <field name="Reference">C</field>
        <field name="Value">C</field>
      </fields>
      <pins>
        <pin num="1" name="~" type="passive"/>
        <pin num="2" name="~" type="passive"/>
      </pins>
    </libpart>
    <libpart lib="device" part="CP">
      <description>Polarised capacitor</description>
      <footprints>
        <fp>CP*</fp>
        <fp>Elko*</fp>
        <fp>TantalC*</fp>
        <fp>C*elec</fp>
        <fp>c_elec*</fp>
        <fp>SMD*_Pol</fp>
      </footprints>
      <fields>
        <field name="Reference">C</field>
        <field name="Value">CP</field>
      </fields>
      <pins>
        <pin num="1" name="~" type="passive"/>
        <pin num="2" name="~" type="passive"/>
      </pins>
    </libpart>
    <libpart lib="device" part="Crystal">
      <description>Two pin crystal</description>
      <footprints>
        <fp>Crystal_*</fp>
      </footprints>
      <fields>
        <field name="Reference">Y</field>
        <field name="Value">Crystal</field>
      </fields>
      <pins>
        <pin num="1" name="1" type="passive"/>
        <pin num="2" name="2" type="passive"/>
      </pins>
    </libpart>
    <libpart lib="device" part="D">
      <description>Diode</description>
      <footprints>
        <fp>Diode_*</fp>
        <fp>D-Pak_TO252AA</fp>
        <fp>*SingleDiode</fp>
        <fp>*_Diode_*</fp>
        <fp>*SingleDiode*</fp>
      </footprints>
      <fields>
        <field name="Reference">D</field>
        <field name="Value">D</field>
      </fields>
      <pins>
        <pin num="1" name="K" type="passive"/>
        <pin num="2" name="A" type="passive"/>
      </pins>
    </libpart>
    <libpart lib="device" part="FILTER">
      <description>Filtre EMI</description>
      <fields>
        <field name="Reference">FB</field>
        <field name="Value">FILTER</field>
      </fields>
      <pins>
        <pin num="1" name="1" type="passive"/>
        <pin num="2" name="2" type="passive"/>
      </pins>
    </libpart>
    <libpart lib="device" part="LED">
      <footprints>
        <fp>LED-3MM</fp>
        <fp>LED-5MM</fp>
        <fp>LED-10MM</fp>
        <fp>LED-0603</fp>
        <fp>LED-0805</fp>
        <fp>LED-1206</fp>
        <fp>LEDV</fp>
      </footprints>
      <fields>
        <field name="Reference">D</field>
        <field name="Value">LED</field>
      </fields>
      <pins>
        <pin num="1" name="K" type="passive"/>
        <pin num="2" name="A" type="passive"/>
      </pins>
    </libpart>
    <libpart lib="device" part="Q_PMOS_GSD">
      <description>Transistor P-MOSFET (general)</description>
      <fields>
        <field name="Reference">Q</field>
        <field name="Value">Q_PMOS_GSD</field>
      </fields>
      <pins>
        <pin num="1" name="G" type="input"/>
        <pin num="2" name="S" type="passive"/>
        <pin num="3" name="D" type="passive"/>
      </pins>
    </libpart>
    <libpart lib="device" part="R">
      <description>Resistor</description>
      <footprints>
        <fp>R_*</fp>
        <fp>Resistor_*</fp>
      </footprints>
      <fields>
        <field name="Reference">R</field>
        <field name="Value">R</field>
      </fields>
      <pins>
        <pin num="1" name="~" type="passive"/>
        <pin num="2" name="~" type="passive"/>
      </pins>
    </libpart>
    <libpart lib="device" part="THERMISTOR">
      <description>Resistance</description>
      <footprints>
        <fp>R?</fp>
        <fp>SM0603</fp>
        <fp>SM0805</fp>
      </footprints>
      <fields>
        <field name="Reference">TH</field>
        <field name="Value">THERMISTOR</field>
      </fields>
      <pins>
        <pin num="1" name="~" type="passive"/>
        <pin num="2" name="~" type="passive"/>
      </pins>
    </libpart>
    <libpart lib="device" part="VR">
      <description>VARISTANCE</description>
      <fields>
        <field name="Reference">VR</field>
        <field name="Value">VR</field>
      </fields>
      <pins>
        <pin num="1" name="~" type="passive"/>
        <pin num="2" name="~" type="passive"/>
      </pins>
    </libpart>
    <libpart lib="conn" part="BARREL_JACK">
      <description>DC Barrel Jack</description>
      <fields>
        <field name="Reference">CON</field>
        <field name="Value">BARREL_JACK</field>
      </fields>
      <pins>
        <pin num="1" name="~" type="passive"/>
        <pin num="2" name="~" type="passive"/>
        <pin num="3" name="~" type="passive"/>
      </pins>
    </libpart>
    <libpart lib="conn" part="CONN_01X06">
      <footprints>
        <fp>Pin_Header_Straight_1X06</fp>
        <fp>Pin_Header_Angled_1X06</fp>
        <fp>Socket_Strip_Straight_1X06</fp>
        <fp>Socket_Strip_Angled_1X06</fp>
      </footprints>
      <fields>
        <field name="Reference">P</field>
        <field name="Value">CONN_01X06</field>
      </fields>
      <pins>
        <pin num="1" name="P1" type="passive"/>
        <pin num="2" name="P2" type="passive"/>
        <pin num="3" name="P3" type="passive"/>
        <pin num="4" name="P4" type="passive"/>
        <pin num="5" name="P5" type="passive"/>
        <pin num="6" name="P6" type="passive"/>
      </pins>
    </libpart>
    <libpart lib="conn" part="CONN_01X08">
      <footprints>
        <fp>Pin_Header_Straight_1X08</fp>
        <fp>Pin_Header_Angled_1X08</fp>
        <fp>Socket_Strip_Straight_1X08</fp>
        <fp>Socket_Strip_Angled_1X08</fp>
      </footprints>
      <fields>
        <field name="Reference">P</field>
        <field name="Value">CONN_01X08</field>
      </fields>
      <pins>
        <pin num="1" name="P1" type="passive"/>
        <pin num="2" name="P2" type="passive"/>
        <pin num="3" name="P3" type="passive"/>
        <pin num="4" name="P4" type="passive"/>
        <pin num="5" name="P5" type="passive"/>
        <pin num="6" name="P6" type="passive"/>
        <pin num="7" name="P7" type="passive"/>
        <pin num="8" name="P8" type="passive"/>
      </pins>
    </libpart>
    <libpart lib="conn" part="CONN_01X10">
      <footprints>
        <fp>Pin_Header_Straight_1X10</fp>
        <fp>Pin_Header_Angled_1X10</fp>
        <fp>Socket_Strip_Straight_1X10</fp>
        <fp>Socket_Strip_Angled_1X10</fp>
      </footprints>
      <fields>
        <field name="Reference">P</field>
        <field name="Value">CONN_01X10</field>
      </fields>
      <pins>
        <pin num="1" name="P1" type="passive"/>
        <pin num="2" name="P2" type="passive"/>
        <pin num="3" name="P3" type="passive"/>
        <pin num="4" name="P4" type="passive"/>
        <pin num="5" name="P5" type="passive"/>
        <pin num="6" name="P6" type="passive"/>
        <pin num="7" name="P7" type="passive"/>
        <pin num="8" name="P8" type="passive"/>
        <pin num="9" name="P9" type="passive"/>
        <pin num="10" name="P10" type="passive"/>
      </pins>
    </libpart>
    <libpart lib="conn" part="CONN_02X02">
      <footprints>
        <fp>Pin_Header_Straight_2X02</fp>
        <fp>Pin_Header_Angled_2X02</fp>
        <fp>Socket_Strip_Straight_2X02</fp>
        <fp>Socket_Strip_Angled_2X02</fp>
      </footprints>
      <fields>
        <field name="Reference">P</field>
        <field name="Value">CONN_02X02</field>
      </fields>
      <pins>
        <pin num="1" name="P1" type="passive"/>
        <pin num="2" name="P2" type="passive"/>
        <pin num="3" name="P3" type="passive"/>
        <pin num="4" name="P4" type="passive"/>
      </pins>
    </libpart>
    <libpart lib="conn" part="CONN_02X03">
      <footprints>
        <fp>Pin_Header_Straight_2X03</fp>
        <fp>Pin_Header_Angled_2X03</fp>
        <fp>Socket_Strip_Straight_2X03</fp>
        <fp>Socket_Strip_Angled_2X03</fp>
      </footprints>
      <fields>
        <field name="Reference">P</field>
        <field name="Value">CONN_02X03</field>
      </fields>
      <pins>
        <pin num="1" name="P1" type="passive"/>
        <pin num="2" name="P2" type="passive"/>
        <pin num="3" name="P3" type="passive"/>
        <pin num="4" name="P4" type="passive"/>
        <pin num="5" name="P5" type="passive"/>
        <pin num="6" name="P6" type="passive"/>
      </pins>
    </libpart>
    <libpart lib="linear" part="LM358">
      <aliases>
        <alias>LMC6062</alias>
        <alias>LMC6082</alias>
        <alias>LM358N</alias>
        <alias>TL072</alias>
        <alias>TL082</alias>
      </aliases>
      <description>Dual Op amp (low power)</description>
      <docs>ns/lm158.pdf</docs>
      <fields>
        <field name="Reference">U</field>
        <field name="Value">LM358</field>
      </fields>
      <pins>
        <pin num="1" name="~" type="output"/>
        <pin num="2" name="-" type="input"/>
        <pin num="3" name="+" type="input"/>
        <pin num="4" name="V-" type="power_in"/>
        <pin num="5" name="+" type="input"/>
        <pin num="6" name="-" type="input"/>
        <pin num="7" name="~" type="output"/>
        <pin num="8" name="V+" type="power_in"/>
      </pins>
    </libpart>
    <libpart lib="regul" part="LD1117S33TR">
      <aliases>
        <alias>LD1117S33CTR</alias>
        <alias>LD1117S12TR</alias>
        <alias>LD1117S12CTR</alias>
        <alias>LD1117S18TR</alias>
        <alias>LD1117S18CTR</alias>
        <alias>LD1117S25TR</alias>
        <alias>LD1117S25CTR</alias>
        <alias>LD1117S50TR</alias>
        <alias>LD1117S50CTR</alias>
      </aliases>
      <description>800mA Fixed Low Drop Positive Voltage Regulator, Fixed Output 3.3V, SOT223</description>
      <docs>http://www.st.com/st-web-ui/static/active/en/resource/technical/document/datasheet/CD00000544.pdf</docs>
      <footprints>
        <fp>SOT223</fp>
      </footprints>
      <fields>
        <field name="Reference">U</field>
        <field name="Value">LD1117S33TR</field>
        <field name="Footprint">SOT-223</field>
      </fields>
      <pins>
        <pin num="1" name="GND" type="power_in"/>
        <pin num="2" name="VO" type="power_out"/>
        <pin num="3" name="VI" type="power_in"/>
      </pins>
    </libpart>
    <libpart lib="regul" part="LP2985LV">
      <description>MICROPOWER 150mA Regulator </description>
      <docs>regulator/LP2985.pdf</docs>
      <fields>
        <field name="Reference">U</field>
        <field name="Value">LP2985LV</field>
      </fields>
      <pins>
        <pin num="1" name="VIN" type="power_in"/>
        <pin num="2" name="GND" type="power_in"/>
        <pin num="3" name="ON/OFF" type="input"/>
        <pin num="4" name="BYPASS" type="input"/>
        <pin num="5" name="VOUT" type="power_out"/>
      </pins>
    </libpart>
    <libpart lib="Arduino_Uno_R3_From_Scratch" part="CERAMIC_RESONATOR">
      <fields>
        <field name="Reference">XTAL</field>
        <field name="Value">CERAMIC_RESONATOR</field>
      </fields>
      <pins>
        <pin num="1" name="P1" type="passive"/>
        <pin num="2" name="PM" type="passive"/>
        <pin num="3" name="P3" type="passive"/>
      </pins>
    </libpart>
    <libpart lib="Arduino_Uno_R3_From_Scratch" part="RESET_SWITCH">
      <fields>
        <field name="Reference">SW</field>
        <field name="Value">RESET_SWITCH</field>
      </fields>
      <pins>
        <pin num="1" name="~" type="input"/>
        <pin num="2" name="~" type="input"/>
        <pin num="3" name="~" type="input"/>
        <pin num="4" name="~" type="input"/>
      </pins>
    </libpart>
    <libpart lib="Arduino_Uno_R3_From_Scratch" part="USB_TYPE_B">
      <fields>
        <field name="Reference">J</field>
        <field name="Value">USB_TYPE_B</field>
      </fields>
      <pins>
        <pin num="1" name="Vbus" type="power_out"/>
        <pin num="2" name="D-" type="BiDi"/>
        <pin num="3" name="D+" type="BiDi"/>
        <pin num="4" name="GND" type="power_in"/>
        <pin num="5" name="Shield_1" type="passive"/>
        <pin num="6" name="Shield_2" type="passive"/>
      </pins>
    </libpart>
    <libpart lib="MFN_Atmel" part="ATMEGA16U2-MU">
      <fields>
        <field name="Reference">U</field>
        <field name="Value">ATMEGA16U2-MU</field>
      </fields>
      <pins>
        <pin num="1" name="XTAL1" type="input"/>
        <pin num="2" name="XTAL(PC0)" type="input"/>
        <pin num="3" name="GND" type="input"/>
        <pin num="4" name="VCC" type="input"/>
        <pin num="5" name="(AIN2/PCINT11)PC2" type="input"/>
        <pin num="6" name="(OC0B/INT0)PD0" type="input"/>
        <pin num="7" name="(AIN0/INT1)PD1" type="input"/>
        <pin num="8" name="(RXD1/AIN1/INT2)PD2" type="input"/>
        <pin num="9" name="(TXD1/INT3)PD3" type="input"/>
        <pin num="10" name="(INT5/AIN3)PD4" type="input"/>
        <pin num="11" name="(XCK/AIN4/PCINT12)PD5" type="input"/>
        <pin num="12" name="(RTS/AIN5/INT6)PD6" type="input"/>
        <pin num="13" name="(CTS/HWB/TO/INT7)PD7" type="input"/>
        <pin num="14" name="(SS/PCINT0)PB0" type="input"/>
        <pin num="15" name="(SCLK/PCINT1)PB1" type="input"/>
        <pin num="16" name="(PDI/MOSI/PCINT2)PB2" type="input"/>
        <pin num="17" name="(PD0/MISO/PCINT3)PB3" type="input"/>
        <pin num="18" name="(T1/PCINT4)PB4" type="input"/>
        <pin num="19" name="(PCINT5)PB5" type="input"/>
        <pin num="20" name="(PCINT6)PB6" type="input"/>
        <pin num="21" name="(PCINT7/OC0A/OC1C)PB7" type="input"/>
        <pin num="22" name="(INT4/ICP1/CLK0)PC7" type="input"/>
        <pin num="23" name="(OC1A/PCINT8)PC6" type="input"/>
        <pin num="24" name="RESET(PC1/DW)" type="input"/>
        <pin num="25" name="(PCINT9/OC1B)PC5" type="input"/>
        <pin num="26" name="(PCINT10)PC4" type="input"/>
        <pin num="27" name="UCAP" type="input"/>
        <pin num="28" name="UGND" type="input"/>
        <pin num="29" name="D+" type="input"/>
        <pin num="30" name="D-" type="input"/>
        <pin num="32" name="AVCC" type="input"/>
        <pin num="33" name="PAD" type="input"/>
        <pin num="UVCC" name="31" type="input"/>
      </pins>
    </libpart>
    <libpart lib="MFN_Atmel" part="ATMEGA328P-PU">
      <fields>
        <field name="Reference">U</field>
        <field name="Value">ATMEGA328P-PU</field>
      </fields>
      <pins>
        <pin num="1" name="~RESET" type="input"/>
        <pin num="2" name="(RXD)PD0" type="input"/>
        <pin num="3" name="(TXD)PD1" type="input"/>
        <pin num="4" name="(INT0)PD2" type="input"/>
        <pin num="5" name="(INT1)PD3" type="input"/>
        <pin num="6" name="(T0)PD4" type="input"/>
        <pin num="7" name="VCC" type="input"/>
        <pin num="8" name="GND" type="input"/>
        <pin num="9" name="XTAL1" type="input"/>
        <pin num="10" name="XTAL2" type="input"/>
        <pin num="11" name="(T1)PD5" type="input"/>
        <pin num="12" name="(AIN0)PD6" type="input"/>
        <pin num="13" name="(AIN1)PD7" type="input"/>
        <pin num="14" name="(ICP)PB0" type="input"/>
        <pin num="15" name="(OC1)PB1" type="input"/>
        <pin num="16" name="(SS)PB2" type="input"/>
        <pin num="17" name="(MOSI)PB3" type="input"/>
        <pin num="18" name="(MISO)PB4" type="input"/>
        <pin num="19" name="(SCK)PB5" type="input"/>
        <pin num="20" name="AVCC" type="input"/>
        <pin num="21" name="AREF" type="input"/>
        <pin num="22" name="AGND" type="input"/>
        <pin num="23" name="(ADC0)PC0" type="input"/>
        <pin num="24" name="(ADC1)PC1" type="input"/>
        <pin num="25" name="(ADC2)PC2" type="input"/>
        <pin num="26" name="(ADC3)PC3" type="input"/>
        <pin num="27" name="(ADC4)PC4" type="input"/>
        <pin num="28" name="(ADC5)PC5" type="input"/>
      </pins>
    </libpart>
  </libparts>
  <libraries>
    <library logical="device">
      <uri>C:\Program Files\KiCad\share\kicad\library\device.lib</uri>
    </library>
    <library logical="conn">
      <uri>C:\Program Files\KiCad\share\kicad\library\conn.lib</uri>
    </library>
    <library logical="linear">
      <uri>C:\Program Files\KiCad\share\kicad\library\linear.lib</uri>
    </library>
    <library logical="regul">
      <uri>C:\Program Files\KiCad\share\kicad\library\regul.lib</uri>
    </library>
    <library logical="Arduino_Uno_R3_From_Scratch">
      <uri>C:\Users\Daniel\Dropbox\Circuit Design\_HARDWARE_ELECTRONICS\Prototype\Active Development\Arduino-Uno-R3-From-Scratch\Arduino_Uno_R3_From_Scratch.lib</uri>
    </library>
    <library logical="MFN_Atmel">
      <uri>C:\Users\Daniel\Dropbox\Circuit Design\KiCad Component Libraries\_Schematic_Components\MFN_Atmel.lib</uri>
    </library>
  </libraries>
  <nets>
    <net code="1" name="/ATMEGA328P/ARD_DIG8">
      <node ref="P3" pin="1"/>
      <node ref="U5" pin="14"/>
    </net>
    <net code="2" name="328P_ICSP_MOSI">
      <node ref="ICSP2" pin="4"/>
      <node ref="U5" pin="17"/>
      <node ref="P3" pin="4"/>
    </net>
    <net code="3" name="328P_ICSP_MISO">
      <node ref="P3" pin="5"/>
      <node ref="U5" pin="18"/>
      <node ref="ICSP2" pin="1"/>
    </net>
    <net code="4" name="/ATMEGA328P/AREF">
      <node ref="C14" pin="1"/>
      <node ref="U5" pin="21"/>
      <node ref="P3" pin="8"/>
    </net>
    <net code="5" name="/ATMEGA328P/328P_RESET">
      <node ref="D7" pin="1"/>
      <node ref="U5" pin="1"/>
      <node ref="SW1" pin="4"/>
      <node ref="P1" pin="3"/>
      <node ref="R16" pin="1"/>
      <node ref="R13" pin="2"/>
      <node ref="SW1" pin="3"/>
      <node ref="ICSP2" pin="5"/>
    </net>
    <net code="6" name="/ATMEGA16U2/DTR">
      <node ref="R12" pin="1"/>
      <node ref="U4" pin="13"/>
      <node ref="C11" pin="1"/>
    </net>
    <net code="7" name="/ATMEGA328P/ARD_DIG10/SPI_SS">
      <node ref="U5" pin="16"/>
      <node ref="P3" pin="3"/>
    </net>
    <net code="8" name="/ATMEGA328P/ARD_DIG9">
      <node ref="P3" pin="2"/>
      <node ref="U5" pin="15"/>
    </net>
    <net code="9" name="/ATMEGA328P/ARD_DIG0">
      <node ref="U5" pin="2"/>
      <node ref="R14" pin="2"/>
      <node ref="P4" pin="8"/>
    </net>
    <net code="10" name="/ATMEGA328P/ARD_DIG1">
      <node ref="U5" pin="3"/>
      <node ref="P4" pin="7"/>
      <node ref="R15" pin="2"/>
    </net>
    <net code="11" name="/ATMEGA328P/ARD_DIG2">
      <node ref="U5" pin="4"/>
      <node ref="P4" pin="6"/>
    </net>
    <net code="12" name="/ATMEGA328P/ARD_DIG3">
      <node ref="U5" pin="5"/>
      <node ref="P4" pin="5"/>
    </net>
    <net code="13" name="/ATMEGA328P/ARD_DIG4">
      <node ref="P4" pin="4"/>
      <node ref="U5" pin="6"/>
    </net>
    <net code="14" name="/ATMEGA328P/ARD_DIG5">
      <node ref="U5" pin="11"/>
      <node ref="P4" pin="3"/>
    </net>
    <net code="15" name="/ATMEGA328P/ARD_DIG6">
      <node ref="P4" pin="2"/>
      <node ref="U5" pin="12"/>
    </net>
    <net code="16" name="/ATMEGA328P/ARD_DIG7">
      <node ref="P4" pin="1"/>
      <node ref="U5" pin="13"/>
    </net>
    <net code="17" name="/ATMEGA328P/ARD_AN0">
      <node ref="P2" pin="1"/>
      <node ref="U5" pin="23"/>
    </net>
    <net code="18" name="/ATMEGA328P/ARD_AN1">
      <node ref="P2" pin="2"/>
      <node ref="U5" pin="24"/>
    </net>
    <net code="19" name="/ATMEGA328P/ARD_AN5/SCL">
      <node ref="P3" pin="10"/>
      <node ref="P2" pin="6"/>
      <node ref="U5" pin="28"/>
    </net>
    <net code="20" name="328P_ICSP_SCK">
      <node ref="ICSP2" pin="3"/>
      <node ref="P3" pin="6"/>
      <node ref="U5" pin="19"/>
      <node ref="U2" pin="5"/>
    </net>
    <net code="21" name="/ATMEGA328P/ARD_AN2">
      <node ref="U5" pin="25"/>
      <node ref="P2" pin="3"/>
    </net>
    <net code="22" name="/ATMEGA328P/ARD_AN3">
      <node ref="U5" pin="26"/>
      <node ref="P2" pin="4"/>
    </net>
    <net code="23" name="/ATMEGA328P/ARD_AN4/SDA">
      <node ref="P3" pin="9"/>
      <node ref="P2" pin="5"/>
      <node ref="U5" pin="27"/>
    </net>
    <net code="24" name="/ATMEGA16U2/USB_RD+">
      <node ref="U4" pin="29"/>
      <node ref="R5" pin="2"/>
    </net>
    <net code="25" name="/ATMEGA16U2/USB_GND">
      <node ref="U4" pin="28"/>
      <node ref="J1" pin="4"/>
      <node ref="C10" pin="1"/>
      <node ref="R8" pin="1"/>
      <node ref="FB1" pin="1"/>
    </net>
    <net code="26" name="/ATMEGA16U2/SERIAL_Tx">
      <node ref="U4" pin="8"/>
      <node ref="R15" pin="1"/>
    </net>
    <net code="27" name="/ATMEGA16U2/SERIAL_Rx">
      <node ref="U4" pin="9"/>
      <node ref="R14" pin="1"/>
    </net>
    <net code="28" name="/ATMEGA16U2/USB_RD-">
      <node ref="U4" pin="30"/>
      <node ref="R6" pin="2"/>
    </net>
    <net code="29" name="5V_LDO">
      <node ref="C4" pin="2"/>
      <node ref="U4" pin="32"/>
      <node ref="C9" pin="1"/>
      <node ref="U4" pin="4"/>
      <node ref="U5" pin="20"/>
      <node ref="U5" pin="7"/>
      <node ref="C5" pin="1"/>
      <node ref="U3" pin="3"/>
      <node ref="Q1" pin="2"/>
      <node ref="C15" pin="1"/>
      <node ref="R16" pin="2"/>
      <node ref="D7" pin="2"/>
      <node ref="U3" pin="1"/>
      <node ref="ICSP2" pin="2"/>
      <node ref="U2" pin="8"/>
      <node ref="ICSP1" pin="2"/>
      <node ref="R11" pin="2"/>
      <node ref="R10" pin="2"/>
      <node ref="R7" pin="2"/>
      <node ref="P1" pin="2"/>
      <node ref="P1" pin="5"/>
      <node ref="R1" pin="2"/>
      <node ref="C2" pin="1"/>
      <node ref="C3" pin="1"/>
      <node ref="D4" pin="2"/>
      <node ref="U1" pin="2"/>
    </net>
    <net code="30" name="GND">
      <node ref="X2" pin="2"/>
      <node ref="U2" pin="4"/>
      <node ref="C3" pin="2"/>
      <node ref="C4" pin="1"/>
      <node ref="U3" pin="2"/>
      <node ref="U1" pin="1"/>
      <node ref="C15" pin="2"/>
      <node ref="C14" pin="2"/>
      <node ref="U5" pin="8"/>
      <node ref="U5" pin="22"/>
      <node ref="SW1" pin="2"/>
      <node ref="SW1" pin="1"/>
      <node ref="C6" pin="2"/>
      <node ref="C1" pin="2"/>
      <node ref="R3" pin="1"/>
      <node ref="CON1" pin="1"/>
      <node ref="D3" pin="1"/>
      <node ref="P3" pin="7"/>
      <node ref="C2" pin="2"/>
      <node ref="D2" pin="1"/>
      <node ref="P1" pin="7"/>
      <node ref="P1" pin="6"/>
      <node ref="C5" pin="2"/>
      <node ref="R8" pin="2"/>
      <node ref="R12" pin="2"/>
      <node ref="U4" pin="33"/>
      <node ref="C9" pin="2"/>
      <node ref="C8" pin="1"/>
      <node ref="U4" pin="3"/>
      <node ref="C7" pin="1"/>
      <node ref="ICSP1" pin="6"/>
      <node ref="ICSP2" pin="6"/>
    </net>
    <net code="31" name="Net-(D2-Pad2)">
      <node ref="R1" pin="1"/>
      <node ref="D2" pin="2"/>
    </net>
    <net code="32" name="Vin">
      <node ref="C1" pin="1"/>
      <node ref="P1" pin="8"/>
      <node ref="D1" pin="1"/>
      <node ref="R2" pin="2"/>
      <node ref="U1" pin="3"/>
    </net>
    <net code="33" name="Net-(CON1-Pad2)">
      <node ref="CON1" pin="3"/>
      <node ref="CON1" pin="2"/>
      <node ref="D1" pin="2"/>
    </net>
    <net code="34" name="Net-(U3-Pad4)">
      <node ref="U3" pin="4"/>
    </net>
    <net code="35" name="3V3_LDO">
      <node ref="U3" pin="5"/>
      <node ref="P1" pin="4"/>
      <node ref="C6" pin="1"/>
      <node ref="U2" pin="2"/>
    </net>
    <net code="36" name="Net-(Q1-Pad1)">
      <node ref="U2" pin="1"/>
      <node ref="Q1" pin="1"/>
    </net>
    <net code="37" name="USBVCC">
      <node ref="U4" pin="UVCC"/>
      <node ref="MF-MSMF050-2" pin="2"/>
      <node ref="Q1" pin="3"/>
    </net>
    <net code="38" name="Net-(R2-Pad1)">
      <node ref="R3" pin="2"/>
      <node ref="U2" pin="3"/>
      <node ref="R2" pin="1"/>
    </net>
    <net code="39" name="Net-(R4-Pad1)">
      <node ref="U2" pin="6"/>
      <node ref="U2" pin="7"/>
      <node ref="R4" pin="1"/>
    </net>
    <net code="40" name="Net-(D3-Pad2)">
      <node ref="R4" pin="2"/>
      <node ref="D3" pin="2"/>
    </net>
    <net code="41" name="Net-(FB1-Pad2)">
      <node ref="J1" pin="5"/>
      <node ref="J1" pin="6"/>
      <node ref="VR2" pin="2"/>
      <node ref="FB1" pin="2"/>
      <node ref="VR1" pin="2"/>
    </net>
    <net code="42" name="Net-(J1-Pad3)">
      <node ref="J1" pin="3"/>
      <node ref="R6" pin="1"/>
      <node ref="VR1" pin="1"/>
    </net>
    <net code="43" name="Net-(J1-Pad2)">
      <node ref="VR2" pin="1"/>
      <node ref="J1" pin="2"/>
      <node ref="R5" pin="1"/>
    </net>
    <net code="44" name="Net-(J1-Pad1)">
      <node ref="J1" pin="1"/>
      <node ref="MF-MSMF050-2" pin="1"/>
    </net>
    <net code="45" name="Net-(U4-Pad14)">
      <node ref="U4" pin="14"/>
    </net>
    <net code="46" name="Net-(U4-Pad22)">
      <node ref="U4" pin="22"/>
    </net>
    <net code="47" name="Net-(U4-Pad23)">
      <node ref="U4" pin="23"/>
    </net>
    <net code="48" name="Net-(U4-Pad25)">
      <node ref="U4" pin="25"/>
    </net>
    <net code="49" name="Net-(U4-Pad26)">
      <node ref="U4" pin="26"/>
    </net>
    <net code="50" name="Net-(U4-Pad5)">
      <node ref="U4" pin="5"/>
    </net>
    <net code="51" name="Net-(JP2-Pad2)">
      <node ref="JP2" pin="2"/>
      <node ref="U4" pin="21"/>
    </net>
    <net code="52" name="Net-(JP2-Pad4)">
      <node ref="U4" pin="20"/>
      <node ref="JP2" pin="4"/>
    </net>
    <net code="53" name="Net-(JP2-Pad3)">
      <node ref="JP2" pin="3"/>
      <node ref="U4" pin="19"/>
    </net>
    <net code="54" name="Net-(D4-Pad1)">
      <node ref="D4" pin="1"/>
      <node ref="U4" pin="24"/>
      <node ref="ICSP1" pin="5"/>
      <node ref="R7" pin="1"/>
    </net>
    <net code="55" name="ICSP_MOSI">
      <node ref="U4" pin="16"/>
      <node ref="ICSP1" pin="4"/>
    </net>
    <net code="56" name="ICSP_SCK">
      <node ref="U4" pin="15"/>
      <node ref="ICSP1" pin="3"/>
    </net>
    <net code="57" name="ICSP_MISO">
      <node ref="U4" pin="17"/>
      <node ref="ICSP1" pin="1"/>
    </net>
    <net code="58" name="Net-(D5-Pad1)">
      <node ref="D5" pin="1"/>
      <node ref="U4" pin="11"/>
    </net>
    <net code="59" name="Net-(D5-Pad2)">
      <node ref="R10" pin="1"/>
      <node ref="D5" pin="2"/>
    </net>
    <net code="60" name="Net-(D6-Pad1)">
      <node ref="D6" pin="1"/>
      <node ref="U4" pin="10"/>
    </net>
    <net code="61" name="Net-(D6-Pad2)">
      <node ref="R11" pin="1"/>
      <node ref="D6" pin="2"/>
    </net>
    <net code="62" name="Net-(JP2-Pad1)">
      <node ref="JP2" pin="1"/>
      <node ref="U4" pin="18"/>
    </net>
    <net code="63" name="Net-(U4-Pad12)">
      <node ref="U4" pin="12"/>
    </net>
    <net code="64" name="Net-(U4-Pad7)">
      <node ref="U4" pin="7"/>
    </net>
    <net code="65" name="Net-(U4-Pad6)">
      <node ref="U4" pin="6"/>
    </net>
    <net code="66" name="Net-(C8-Pad2)">
      <node ref="R9" pin="2"/>
      <node ref="C8" pin="2"/>
      <node ref="X1" pin="1"/>
      <node ref="U4" pin="1"/>
    </net>
    <net code="67" name="Net-(C10-Pad2)">
      <node ref="C10" pin="2"/>
      <node ref="U4" pin="27"/>
    </net>
    <net code="68" name="Net-(C7-Pad2)">
      <node ref="U4" pin="2"/>
      <node ref="C7" pin="2"/>
      <node ref="R9" pin="1"/>
      <node ref="X1" pin="2"/>
    </net>
    <net code="69" name="Net-(R17-Pad2)">
      <node ref="X2" pin="3"/>
      <node ref="R17" pin="2"/>
      <node ref="U5" pin="9"/>
    </net>
    <net code="70" name="Net-(R17-Pad1)">
      <node ref="U5" pin="10"/>
      <node ref="X2" pin="1"/>
      <node ref="R17" pin="1"/>
    </net>
    <net code="71" name="Net-(C11-Pad2)">
      <node ref="R13" pin="1"/>
      <node ref="C11" pin="2"/>
    </net>
    <net code="72" name="Net-(P1-Pad1)">
      <node ref="P1" pin="1"/>
    </net>
  </nets>
</export>
